Workbook

Sheet Matriz
A1: Matriz de riesgos - Sistema de Control Escolar (Equipo A)
A2: Probabilidad e impacto de 1 a 5. Exposición = P × I. Nivel: Alto ≥15, Medio 8-14, Bajo ≤7. Por ética NO se copian contraseñas: solo archivo y línea.
A4: ID | B4: Descripción | C4: Categoría | D4: Evidencia (archivo:línea) | E4: Probabilidad | F4: Impacto | G4: Exposición | H4: Nivel | I4: Estrategia | J4: Acción concreta
A5: R01 | B5: Credenciales de un servidor MySQL en la nube (clever-cloud) escritas en el código; quedan en el historial público de Git | C5: Seguridad | D5: Modelos/ConexionBD.php:7, 10, 12 | E5: 5 | F5: 5 | G5: =E5*F5 -> 25 | H5: =IF(G5>=15,"Alto",IF(G5>=8,"Medio","Bajo")) -> Alto | I5: Evitar | J5: Revocar/rotar esas credenciales (avisar al autor), borrar el bloque, limpiar historial con git filter-repo y usar variables de entorno (.env fuera del repo)
A6: R02 | B6: Contraseñas de usuarios en texto plano, solo numéricas e iguales a la matrícula (incluido Admin) | C6: Seguridad | D6: usuarios.clave int(10); INSERT de usuarios en los 3 .sql (P4) | E6: 5 | F6: 5 | G6: =E6*F6 -> 25 | H6: =IF(G6>=15,"Alto",IF(G6>=8,"Medio","Bajo")) -> Alto | I6: Mitigar | J6: Migrar a password_hash()/password_verify(), columna VARCHAR(255), forzar cambio de contraseña en primer acceso
A7: R03 | B7: Datos personales de alumnos (kardex, IMSS, cartas de liberación, CV) publicados en un repositorio público | C7: Legal | D7: Kardex/ (5 PDF), IMSS/ (5), Servicio/ (4), Documentos/ (11), Documentacion/ | E7: 5 | F7: 5 | G7: =E7*F7 -> 25 | H7: =IF(G7>=15,"Alto",IF(G7>=8,"Medio","Bajo")) -> Alto | I7: Evitar | J7: Retirar los PDF del repo y del historial, agregarlos a .gitignore, avisar al autor/institución de origen
A8: R04 | B8: Respaldos SQL con datos personales de usuarios y solicitudes (nombre, teléfono, correo, dirección, fecha de nacimiento, núm. IMSS) | C8: Legal | D8: sistemacontrolescolar*.sql (3 archivos) - INSERT INTO usuarios / solicitudes | E8: 5 | F8: 5 | G8: =E8*F8 -> 25 | H8: =IF(G8>=15,"Alto",IF(G8>=8,"Medio","Bajo")) -> Alto | I8: Evitar | J8: Sustituir por script solo de estructura + datos ficticios; eliminar respaldos del historial
A9: R05 | B9: Archivos subidos accesibles por URL directa y con nombre predecible (matrícula_Kardex.pdf) | C9: Seguridad | D9: Kardex/, IMSS/, Documentos/ - nombres Doc__matricula__fecha__ | E9: 4 | F9: 5 | G9: =E9*F9 -> 20 | H9: =IF(G9>=15,"Alto",IF(G9>=8,"Medio","Bajo")) -> Alto | I9: Mitigar | J9: Guardar fuera de htdocs y servir con un script PHP que verifique sesión y rol; nombres aleatorios
A10: R06 | B10: Conexión a MySQL con usuario root sin contraseña | C10: Seguridad | D10: Modelos/ConexionBD.php:14; config/server.php:8, 10 | E10: 4 | F10: 4 | G10: =E10*F10 -> 16 | H10: =IF(G10>=15,"Alto",IF(G10>=8,"Medio","Bajo")) -> Alto | I10: Mitigar | J10: Crear usuario de BD con permisos mínimos (SELECT/INSERT/UPDATE/DELETE sobre una sola base) y contraseña fuerte
A11: R07 | B11: Llave y vector de cifrado escritos en el código | C11: Seguridad | D11: config/server.php:20-24 (SECRET_KEY / SECRET_IV) | E11: 4 | F11: 4 | G11: =E11*F11 -> 16 | H11: =IF(G11>=15,"Alto",IF(G11>=8,"Medio","Bajo")) -> Alto | I11: Mitigar | J11: Generar llaves nuevas, moverlas a variables de entorno y no versionarlas
A12: R08 | B12: Contraseña de cuenta de correo SMTP escrita en el código | C12: Seguridad | D12: Controladores/EnviarCorreo.php:24; PHPMailer/EnviarCorreo.php:18 | E12: 4 | F12: 4 | G12: =E12*F12 -> 16 | H12: =IF(G12>=15,"Alto",IF(G12>=8,"Medio","Bajo")) -> Alto | I12: Mitigar | J12: Cuenta institucional con contraseña de aplicación guardada en .env; rotar la actual
A13: R09 | B13: Credenciales de BD repetidas en varios archivos, fuera del modelo | C13: Técnico | D13: ImportarExcel/insertarUsuarios.php:10-16; ImportarExcel/insertarCatalogo.php:10-16; Modelos/importExcel.php:33-39 | E13: 4 | F13: 3 | G13: =E13*F13 -> 12 | H13: =IF(G13>=15,"Alto",IF(G13>=8,"Medio","Bajo")) -> Medio | I13: Mitigar | J13: Usar una sola clase de conexión (ConexionBD) en todo el sistema
A14: R10 | B14: Librerías con vulnerabilidades conocidas: jQuery 1.9.1 y 3.2.1, Bootstrap 3.3.7, PHPMailer 6.3.0, SheetJS 0.15.4 | C14: Seguridad | D14: ImportarExcel/jquery-1.9.1.js, Vistas/js/jquery-1.9.1.js, Vistas/bower_components/, PHPMailer/, xlsx.js | E14: 3 | F14: 4 | G14: =E14*F14 -> 12 | H14: =IF(G14>=15,"Alto",IF(G14>=8,"Medio","Bajo")) -> Medio | I14: Mitigar | J14: Actualizar a versiones soportadas y administrarlas con Composer/npm
A15: R11 | B15: PHPExcel abandonada; no funciona bien en PHP 8 | C15: Técnico | D15: Modelos/PHPExcel/, impExcel/Classes/ | E15: 5 | F15: 3 | G15: =E15*F15 -> 15 | H15: =IF(G15>=15,"Alto",IF(G15>=8,"Medio","Bajo")) -> Alto | I15: Mitigar | J15: Reemplazar por PhpSpreadsheet
A16: R12 | B16: Plataforma PHP 7.x fuera de soporte (el volcado indica PHP 7.2.34) | C16: Técnico | D16: Encabezado de sistemacontrolescolar 11-06-2021.sql; Anexo: requiere PHP 7.4 | E16: 4 | F16: 4 | G16: =E16*F16 -> 16 | H16: =IF(G16>=15,"Alto",IF(G16>=8,"Medio","Bajo")) -> Alto | I16: Mitigar | J16: Migrar y probar en PHP 8.2+
... A28: R24 | B28: Estimación de costo de modernización muy incierta (variación 4 a 8 veces entre métodos y realidad) | C28: Proyecto | D28: Prácticas 5 y 6 | E28: 3 | F28: 3 | G28: =E28*F28 -> 9 | H28: =IF(G28>=15,"Alto",IF(G28>=8,"Medio","Bajo")) -> Medio | I28: Mitigar | J28: Presupuestar por fases con reserva de contingencia del 20%

Sheet Resumen
A1: Resumen por categoría y nivel
A3: Categoría | B3: Riesgos | C3: Exposición promedio | D3: Altos | E3: Medios | F3: Bajos
A4: Seguridad | B4: =COUNTIF(Matriz!$C$5:$C$28,A4) -> 7 | C4: =AVERAGEIF(Matriz!$C$5:$C$28,A4,Matriz!$G$5:$G$28) -> 18.571429 | D4: =COUNTIFS(Matriz!$C$5:$C$28,A4,Matriz!$H$5:$H$28,"Alto") -> 6 | E4: =COUNTIFS(Matriz!$C$5:$C$28,A4,Matriz!$H$5:$H$28,"Medio") -> 1 | F4: =COUNTIFS(Matriz!$C$5:$C$28,A4,Matriz!$H$5:$H$28,"Bajo") -> 0
A5: Legal | B5: =COUNTIF(Matriz!$C$5:$C$28,A5) -> 5 | C5: =AVERAGEIF(Matriz!$C$5:$C$28,A5,Matriz!$G$5:$G$28) -> 18.4 | D5: =COUNTIFS(Matriz!$C$5:$C$28,A5,Matriz!$H$5:$H$28,"Alto") -> 4 | E5: =COUNTIFS(Matriz!$C$5:$C$28,A5,Matriz!$H$5:$H$28,"Medio") -> 0 | F5: =COUNTIFS(Matriz!$C$5:$C$28,A5,Matriz!$H$5:$H$28,"Bajo") -> 1
A6: Técnico | B6: =COUNTIF(Matriz!$C$5:$C$28,A6) -> 7 | C6: =AVERAGEIF(Matriz!$C$5:$C$28,A6,Matriz!$G$5:$G$28) -> 14.285714 | D6: =COUNTIFS(Matriz!$C$5:$C$28,A6,Matriz!$H$5:$H$28,"Alto") -> 4 | E6: =COUNTIFS(Matriz!$C$5:$C$28,A6,Matriz!$H$5:$H$28,"Medio") -> 3 | F6: =COUNTIFS(Matriz!$C$5:$C$28,A6,Matriz!$H$5:$H$28,"Bajo") -> 0
A7: Proyecto | B7: =COUNTIF(Matriz!$C$5:$C$28,A7) -> 5 | C7: =AVERAGEIF(Matriz!$C$5:$C$28,A7,Matriz!$G$5:$G$28) -> 13.6 | D7: =COUNTIFS(Matriz!$C$5:$C$28,A7,Matriz!$H$5:$H$28,"Alto") -> 3 | E7: =COUNTIFS(Matriz!$C$5:$C$28,A7,Matriz!$H$5:$H$28,"Medio") -> 2 | F7: =COUNTIFS(Matriz!$C$5:$C$28,A7,Matriz!$H$5:$H$28,"Bajo") -> 0
A8: TOTAL | B8: =SUM(B4:B7) -> 24 | C8: =AVERAGE(Matriz!G5:G28) -> 16.25 | D8: =SUM(D4:D7) -> 17 | E8: =SUM(E4:E7) -> 6 | F8: =SUM(F4:F7) -> 1

Sheet MapaCalor
A1: Mapa de calor: número de riesgos por celda (ver mapa-calor.png para los ID)
A3: Probabilidad ↓ / Impacto → | B3: 1 | C3: 2 | D3: 3 | E3: 4 | F3: 5
A4: 5 | B4: =COUNTIFS(Matriz!$E$5:$E$28,5,Matriz!$F$5:$F$28,1) -> 0 | C4: =COUNTIFS(Matriz!$E$5:$E$28,5,Matriz!$F$5:$F$28,2) -> 1 | D4: =COUNTIFS(Matriz!$E$5:$E$28,5,Matriz!$F$5:$F$28,3) -> 3 | E4: =COUNTIFS(Matriz!$E$5:$E$28,5,Matriz!$F$5:$F$28,4) -> 3 | F4: =COUNTIFS(Matriz!$E$5:$E$28,5,Matriz!$F$5:$F$28,5) -> 4
A5: 4 | B5: =COUNTIFS(Matriz!$E$5:$E$28,4,Matriz!$F$5:$F$28,1) -> 0 | C5: =COUNTIFS(Matriz!$E$5:$E$28,4,Matriz!$F$5:$F$28,2) -> 1 | D5: =COUNTIFS(Matriz!$E$5:$E$28,4,Matriz!$F$5:$F$28,3) -> 2 | E5: =COUNTIFS(Matriz!$E$5:$E$28,4,Matriz!$F$5:$F$28,4) -> 6 | F5: =COUNTIFS(Matriz!$E$5:$E$28,4,Matriz!$F$5:$F$28,5) -> 1
A6: 3 | B6: =COUNTIFS(Matriz!$E$5:$E$28,3,Matriz!$F$5:$F$28,1) -> 0 | C6: =COUNTIFS(Matriz!$E$5:$E$28,3,Matriz!$F$5:$F$28,2) -> 0 | D6: =COUNTIFS(Matriz!$E$5:$E$28,3,Matriz!$F$5:$F$28,3) -> 1 | E6: =COUNTIFS(Matriz!$E$5:$E$28,3,Matriz!$F$5:$F$28,4) -> 1 | F6: =COUNTIFS(Matriz!$E$5:$E$28,3,Matriz!$F$5:$F$28,5) -> 0
A7: 2 | B7: =COUNTIFS(Matriz!$E$5:$E$28,2,Matriz!$F$5:$F$28,1) -> 0 | C7: =COUNTIFS(Matriz!$E$5:$E$28,2,Matriz!$F$5:$F$28,2) -> 0 | D7: =COUNTIFS(Matriz!$E$5:$E$28,2,Matriz!$F$5:$F$28,3) -> 1 | E7: =COUNTIFS(Matriz!$E$5:$E$28,2,Matriz!$F$5:$F$28,4) -> 0 | F7: =COUNTIFS(Matriz!$E$5:$E$28,2,Matriz!$F$5:$F$28,5) -> 0
A8: 1 | B8: =COUNTIFS(Matriz!$E$5:$E$28,1,Matriz!$F$5:$F$28,1) -> 0 | C8: =COUNTIFS(Matriz!$E$5:$E$28,1,Matriz!$F$5:$F$28,2) -> 0 | D8: =COUNTIFS(Matriz!$E$5:$E$28,1,Matriz!$F$5:$F$28,3) -> 0 | E8: =COUNTIFS(Matriz!$E$5:$E$28,1,Matriz!$F$5:$F$28,4) -> 0 | F8: =COUNTIFS(Matriz!$E$5:$E$28,1,Matriz!$F$5:$F$28,5) -> 0
