Workbook

Sheet Supuestos
A1: Práctica 5 - Supuestos de la estimación (Equipo A)
A2: Celdas en azul con fondo amarillo = datos de entrada que se pueden cambiar. Todo lo demás se calcula con fórmulas.
A4: Supuesto | B4: Valor | C4: Unidad | D4: Fuente / justificación
A5: Salario mensual desarrollador junior (SLP) | B5: 13417 | C5: MXN/mes | D5: Glassdoor México, 'Programador Júnior' en San Luis Potosí, mediana ago-2026. Indeed da $12,221 para 'Programador web jr' en SLP
A6: Costos indirectos | B6: 0.25 | C6: % | D6: Indicado por el cuadernillo (renta, equipo, luz, internet, licencias, prestaciones)
A7: Horas laborales por mes | B7: 160 | C7: h/mes | D7: 40 h/semana x 4 semanas
A8: Productividad PHP (PDR) | B8: 8.3 | C8: h / PF | D8: ISBSG 2021: mediana de Project Delivery Rate para lenguajes tradicionales (PHP entra aquí)
A9: COCOMO a (orgánico) | B9: 2.4 | D9: Cuadernillo, COCOMO básico modo orgánico
A10: COCOMO b (orgánico) | B10: 1.05 | D10: Cuadernillo
A11: COCOMO c (orgánico) | B11: 2.5 | D11: Cuadernillo
A12: COCOMO d (orgánico) | B12: 0.38 | D12: Cuadernillo
A13: Peso PF - Entrada externa (EI) | B13: 4 | C13: PF | D13: Complejidad media (cuadernillo)
A14: Peso PF - Salida externa (EO) | B14: 5 | C14: PF | D14: Complejidad media
A15: Peso PF - Consulta externa (EQ) | B15: 4 | C15: PF | D15: Complejidad media
A16: Peso PF - Archivo lógico interno (ILF) | B16: 10 | C16: PF | D16: Complejidad media
A17: Peso PF - Archivo de interfaz externo (EIF) | B17: 7 | C17: PF | D17: Complejidad media

Sheet LOC
A1: Conteo de líneas de código PROPIO (VS Code Counter)
A2: Se excluyen librerías: Vistas/bower_components, Vistas/dist, tcpdf (excepto tcpdf/pdf propios), PHPMailer, Modelos/PHPExcel, impExcel/Classes, class.upload.php, simplexlsx.class.php, jquery, xlsx.js, paginator.js, tcpdf/pdf/pdf.php (ejemplo de TCPDF).
A4: Carpeta / grupo | B4: Archivos | C4: Código | D4: Comentarios | E4: Blancos | F4: Total líneas
A5: Controladores | B5: 19 | C5: 1105 | D5: 69 | E5: 388 | F5: =SUM(C5:E5) -> 1562
A6: Modelos (propios) | B6: 13 | C6: 986 | D6: 105 | E6: 389 | F6: =SUM(C6:E6) -> 1480
A7: Vistas/modulos | B7: 49 | C7: 5378 | D7: 180 | E7: 1640 | F7: =SUM(C7:E7) -> 7198
A8: Vistas/plantilla.php | B8: 1 | C8: 106 | D8: 38 | E8: 39 | F8: =SUM(C8:E8) -> 183
A9: Vistas/js (propios) | B9: 3 | C9: 126 | D9: 2 | E9: 41 | F9: =SUM(C9:E9) -> 169
A10: Ajax | B10: 1 | C10: 41 | D10: 0 | E10: 13 | F10: =SUM(C10:E10) -> 54
A11: ImportarExcel (propios) | B11: 4 | C11: 314 | D11: 40 | E11: 40 | F11: =SUM(C11:E11) -> 394
A12: expExcel | B12: 2 | C12: 108 | D12: 2 | E12: 16 | F12: =SUM(C12:E12) -> 126
A13: impExcel (propio) | B13: 1 | C13: 19 | D13: 6 | E13: 3 | F13: =SUM(C13:E13) -> 28
A14: tcpdf/pdf (propios) | B14: 6 | C14: 360 | D14: 0 | E14: 246 | F14: =SUM(C14:E14) -> 606
A15: config | B15: 2 | C15: 79 | D15: 28 | E15: 16 | F15: =SUM(C15:E15) -> 123
A16: Raiz (index.php, .htaccess) | B16: 2 | C16: 36 | D16: 2 | E16: 18 | F16: =SUM(C16:E16) -> 56
A17: TOTAL | B17: =SUM(B5:B16) -> 103 | C17: =SUM(C5:C16) -> 8658 | D17: =SUM(D5:D16) -> 472 | E17: =SUM(E5:E16) -> 2849 | F17: =SUM(F5:F16) -> 11979
A19: KLOC (solo código, sin comentarios ni blancos) | B19: =C17/1000 -> 8.658 | C19: Fórmula: =Código total / 1000
A21: Primer intento (ERROR): contamos todo el repo con librerías | B21: 920166 | C21: líneas .php/.js/.css/.html → casi 1 millón, por eso regresamos al inventario de la P2

Sheet COCOMO
A1: COCOMO básico - modo orgánico
A3: Concepto | B3: Valor | C3: Unidad | D3: Fórmula usada (texto)
A4: KLOC | B4: =LOC!$B$19 -> 8.658 | C4: KLOC | D4: se toma de la hoja LOC
A5: Esfuerzo E | B5: =Supuestos!$B$9*B4^Supuestos!$B$10 -> 23.147266 | C5: personas-mes | D5: E = 2.4 × KLOC^1.05
A6: Tiempo T | B6: =Supuestos!$B$11*B5^Supuestos!$B$12 -> 8.249923 | C6: meses | D6: T = 2.5 × E^0.38
A7: Personal promedio P | B7: =B5/B6 -> 2.8057554 | C7: personas | D7: P = E / T
A8: Esfuerzo en horas | B8: =B5*Supuestos!$B$7 -> 3703.5626 | C8: horas | D8: E × 160 h/mes

Sheet PuntosFuncion
A1: Puntos de función (sin ajustar) - elementos concretos del sistema
A3: # | B3: Tipo | C3: Elemento del sistema | D3: Evidencia (vista / controlador / tabla) | E3: HU | H3: Resumen
A4: 1 | B4: EI | C4: Crear cuenta | D4: crearCuenta.php → UsuariosC::CrearCuenta | E4: HU-01 | H4: Tipo | I4: Cantidad | J4: Peso | K4: Subtotal PF | L4: Fórmula
A5: 2 | B5: EI | C5: Enviar solicitud de residencia (con PDFs) | D5: solicitudRecidencia.php → subirKardex.php | E5: HU-04 | H5: EI - Entradas externas | I5: =COUNTIF($B$4:$B$86,"EI") -> 33 | J5: =Supuestos!$B$13 -> 4 | K5: =I5*J5 -> 132 | L5: cantidad × peso
A6: 3 | B6: EI | C6: Cambiar estado de solicitud (aceptar/rechazar/baja/terminó) | D6: detallesSolicitud.php → ActualizarSolicitud() | E6: HU-05 | H6: EO - Salidas externas | I6: =COUNTIF($B$4:$B$86,"EO") -> 10 | J6: =Supuestos!$B$14 -> 5 | K6: =I6*J6 -> 50 | L6: cantidad × peso
A7: 4 | B7: EI | C7: Alta de empresa en catálogo | D7: catalogo.php → CrearMateriaC() | E7: HU-06 | H7: EQ - Consultas externas | I7: =COUNTIF($B$4:$B$86,"EQ") -> 20 | J7: =Supuestos!$B$15 -> 4 | K7: =I7*J7 -> 80 | L7: cantidad × peso
A8: 5 | B8: EI | C8: Eliminar empresa | D8: catalogo.php → EliminarMateriaC() | E8: HU-06 | H8: ILF - Archivos lógicos internos | I8: =COUNTIF($B$4:$B$86,"ILF") -> 19 | J8: =Supuestos!$B$16 -> 10 | K8: =I8*J8 -> 190 | L8: cantidad × peso
A9: 6 | B9: EI | C9: Crear horario de empresa | D9: crear-comisiones.php → CrearComisionC() | E9: HU-06 | H9: EIF - Archivos de interfaz externos | I9: =COUNTIF($B$4:$B$86,"EIF") -> 1 | J9: =Supuestos!$B$17 -> 7 | K9: =I9*J9 -> 7 | L9: cantidad × peso
A10: 7 | B10: EI | C10: Eliminar horario | D10: crear-comisiones.php → BorrarComisionC() | E10: HU-06 | H10: TOTAL PF sin ajustar | K10: =SUM(K5:K9) -> 459
A11: 8 | B11: EI | C11: Inscribirse a empresa/horario | D11: inscribir-materia.php → InscribirMateriaC() | E11: HU-07 | H11: Esfuerzo (horas) | K11: =K10*Supuestos!$B$8 -> 3809.7 | L11: PF × 8.3 h/PF
A12: 9 | B12: EI | C12: Subir documento del expediente | D12: verCarpeta.php → subirPDF.php | E12: HU-09 | H12: Esfuerzo (personas-mes) | K12: =K11/Supuestos!$B$7 -> 23.810625 | L12: horas / 160
A13: 10 | B13: EI | C13: Eliminar documento | D13: verCarpeta.php → EliminarDocumento() | E13: HU-09 | H13: Tiempo con 3 personas (meses) | K13: =K12/3 -> 7.936875 | L13: supuesto: equipo de 3 como el nuestro
A14: 11 | B14: EI | C14: Subir reporte parcial | D14: verCarpeta.php → subirReportePDF.php | E14: HU-10
A15: 12 | B15: EI | C15: Capturar calificación de reporte | D15: nota-materia.php → ActualizarNotasC() | E15: HU-11
A16: 13 | B16: EI | C16: Marcar evaluación como revisada | D16: calificaciones.php → ActualizarNotasC() | E16: HU-12
A17: 14 | B17: EI | C17: Agendar visita | D17: visitas.php → CrearVisitaC() | E17: HU-13
A18: 15 | B18: EI | C18: Confirmar / negar visita | D18: Editar-Visitas.php → EditarVisitaC() | E18: HU-13
A19: 16 | B19: EI | C19: Borrar visita | D19: visitas.php → BorrarVisitasC() | E19: HU-13
A20: 17 | B20: EI | C20: Enviar observación (chat) | D20: Obcervaciones.php → EnviarMensajeC() | E20: HU-14
A21: 18 | B21: EI | C21: Solicitar constancia | D21: constancia-alumno.php → Solicitar() | E21: HU-15
A22: 19 | B22: EI | C22: Crear usuario | D22: usuarios.php → CrearUsuarioC() | E22: HU-16
A23: 20 | B23: EI | C23: Editar usuario | D23: Editar-usuario.php → ActualizarUsuariosC() | E23: HU-16
A24: 21 | B24: EI | C24: Eliminar usuario | D24: usuarios.php → EliminarUsuariosC() | E24: HU-16
A25: 22 | B25: EI | C25: Importar usuarios desde Excel | D25: ImportarExcel/insertarUsuarios.php | E25: HU-16
... A86: 83 | B86: EIF | C86: Libro de Excel de importación de usuarios | D86: importarUser.xls (formato externo que el sistema lee) | E86: HU-16

Sheet Costos
A1: Costo del proyecto (MXN)
A3: Concepto | B3: COCOMO | C3: Puntos de función | D3: Fórmula
A4: Esfuerzo (personas-mes) | B4: =COCOMO!B5 -> 23.147266 | C4: =PuntosFuncion!K12 -> 23.810625 | D4: del cálculo de cada método
A5: Salario mensual junior | B5: =Supuestos!$B$5 -> 13417 | C5: =Supuestos!$B$5 -> 13417 | D5: Supuestos!B5
A6: Costo directo | B6: =B4*B5 -> 310566.87 | C6: =C4*C5 -> 319467.16 | D6: esfuerzo × salario
A7: Costos indirectos (25%) | B7: =B6*Supuestos!$B$6 -> 77641.717 | C7: =C6*Supuestos!$B$6 -> 79866.789 | D7: costo directo × 25%
A8: COSTO TOTAL | B8: =B6+B7 -> 388208.58 | C8: =C6+C7 -> 399333.94 | D8: directo + indirectos
A9: Tiempo estimado (meses) | B9: =COCOMO!B6 -> 8.249923 | C9: =PuntosFuncion!K13 -> 7.936875 | D9: COCOMO: T; PF: con 3 personas
A11: Diferencia entre métodos | B11: =C8-B8 -> 11125.36
A12: Diferencia % | B12: =(C8-B8)/B8 -> 0.028658201
A13: Promedio de ambos métodos | B13: =AVERAGE(B8:C8) -> 393771.26
