Workbook

Sheet Historial
A1: Historial importado de historial.txt (separador |) - solo commits del autor original (remoto original/master)
A2: Fecha | B2: Autor | C2: Mensaje | D2: Semana (lunes) | E2: Persona real
A3: 44282 | B3: Carlos Alberto Barrera Lugo | C3: Initial commit | D3: =A3-WEEKDAY(A3,3) -> 44277 | E3: Carlos Alberto Barrera Lugo (cbarreral)
A4: 44282 | B4: Carlos Alberto Barrera Lugo | C4: Implantación de notificaciones mediante correo | D4: =A4-WEEKDAY(A4,3) -> 44277 | E4: Carlos Alberto Barrera Lugo (cbarreral)
A5: 44284 | B5: cbarreral | C5: integración de la clase phpmailer | D5: =A5-WEEKDAY(A5,3) -> 44284 | E5: Carlos Alberto Barrera Lugo (cbarreral)
A6: 44294 | B6: cbarreral | C6: rediseño moderno e incorporación del modulo de observaciones (Chat) | D6: =A6-WEEKDAY(A6,3) -> 44291 | E6: Carlos Alberto Barrera Lugo (cbarreral)
A7: 44294 | B7: cbarreral | C7: Modulo de Observaciones en carpetas | D7: =A7-WEEKDAY(A7,3) -> 44291 | E7: Carlos Alberto Barrera Lugo (cbarreral)
A8: 44295 | B8: cbarreral | C8: correccion de bugs en el modulo constancia | D8: =A8-WEEKDAY(A8,3) -> 44291 | E8: Carlos Alberto Barrera Lugo (cbarreral)
A9: 44356 | B9: cbarreral | C9: modulo info residencia | D9: =A9-WEEKDAY(A9,3) -> 44354 | E9: Carlos Alberto Barrera Lugo (cbarreral)
A10: 44358 | B10: cbarreral | C10: modulos de inicio | D10: =A10-WEEKDAY(A10,3) -> 44354 | E10: Carlos Alberto Barrera Lugo (cbarreral)
A11: 44366 | B11: cbarreral | C11: restructura por segunda vez | D11: =A11-WEEKDAY(A11,3) -> 44361 | E11: Carlos Alberto Barrera Lugo (cbarreral)
A12: 44368 | B12: cbarreral | C12: 2 | D12: =A12-WEEKDAY(A12,3) -> 44368 | E12: Carlos Alberto Barrera Lugo (cbarreral)
A14: Nota: 'cbarreral' y 'Carlos Alberto Barrera Lugo' son la misma persona con dos configuraciones de git (usuario vs nombre completo).

Sheet Semanas
A1: Semana (lunes) | B1: Commits | C1: Fórmula
A2: 44277 | B2: =COUNTIF(Historial!$D$3:$D$12,A2) -> 2 | C2: COUNTIF de la columna Semana del historial
A3: =A2+7 -> 44284 | B3: =COUNTIF(Historial!$D$3:$D$12,A3) -> 1 | C3: COUNTIF de la columna Semana del historial
A4: =A3+7 -> 44291 | B4: =COUNTIF(Historial!$D$3:$D$12,A4) -> 3 | C4: COUNTIF de la columna Semana del historial
A5: =A4+7 -> 44298 | B5: =COUNTIF(Historial!$D$3:$D$12,A5) -> 0 | C5: COUNTIF de la columna Semana del historial
A6: =A5+7 -> 44305 | B6: =COUNTIF(Historial!$D$3:$D$12,A6) -> 0 | C6: COUNTIF de la columna Semana del historial
A7: =A6+7 -> 44312 | B7: =COUNTIF(Historial!$D$3:$D$12,A7) -> 0 | C7: COUNTIF de la columna Semana del historial
A8: =A7+7 -> 44319 | B8: =COUNTIF(Historial!$D$3:$D$12,A8) -> 0 | C8: COUNTIF de la columna Semana del historial
A9: =A8+7 -> 44326 | B9: =COUNTIF(Historial!$D$3:$D$12,A9) -> 0 | C9: COUNTIF de la columna Semana del historial
A10: =A9+7 -> 44333 | B10: =COUNTIF(Historial!$D$3:$D$12,A10) -> 0 | C10: COUNTIF de la columna Semana del historial
A11: =A10+7 -> 44340 | B11: =COUNTIF(Historial!$D$3:$D$12,A11) -> 0 | C11: COUNTIF de la columna Semana del historial
A12: =A11+7 -> 44347 | B12: =COUNTIF(Historial!$D$3:$D$12,A12) -> 0 | C12: COUNTIF de la columna Semana del historial
A13: =A12+7 -> 44354 | B13: =COUNTIF(Historial!$D$3:$D$12,A13) -> 2 | C13: COUNTIF de la columna Semana del historial
A14: =A13+7 -> 44361 | B14: =COUNTIF(Historial!$D$3:$D$12,A14) -> 1 | C14: COUNTIF de la columna Semana del historial
A15: =A14+7 -> 44368 | B15: =COUNTIF(Historial!$D$3:$D$12,A15) -> 1 | C15: COUNTIF de la columna Semana del historial
A16: TOTAL | B16: =SUM(B2:B15) -> 10
A18: Semanas con commits | B18: =COUNTIF(B2:B15,">0") -> 6
A19: Semanas sin commits | B19: =COUNTIF(B2:B15,0) -> 8

Sheet Resumen
A1: Primer commit | B1: =MIN(Historial!A3:A12) -> 44282
A2: Último commit | B2: =MAX(Historial!A3:A12) -> 44368
A3: Duración real (días) | B3: =B2-B1 -> 86
A4: Duración real (meses) | B4: =B3/30.4 -> 2.8289474
A5: Total de commits | B5: =COUNTA(Historial!C3:C12) -> 10
A6: Personas reales | B6: 1
A7: Esfuerzo real visible (personas-mes) | B7: =B4*1 -> 2.8289474
A8: Tiempo estimado COCOMO (meses) - P5 | B8: 8.25
A9: Esfuerzo estimado COCOMO (PM) - P5 | B9: 23.15
A10: Personal estimado COCOMO - P5 | B10: 2.8
A11: Diferencia de tiempo (meses) | B11: =B8-B4 -> 5.4210526
A12: Relación esfuerzo estimado / real | B12: =B9/B7 -> 8.1832558
