Workbook

Sheet Supuestos
A1: Presupuesto - Supuestos (celdas azules/amarillas = entradas)
A3: Supuesto | B3: Valor | C3: Unidad | D3: Fuente
A4: Puntos de función base (P5, sistema actual) | B4: 459 | C4: PF | D4: Práctica 5, hoja PuntosFuncion
A5: Productividad (PDR) | B5: 8.3 | C5: h/PF | D5: ISBSG 2021, mediana lenguajes tradicionales (P5)
A6: Factor de reutilización | B6: 0.2 | C6: % | D6: Se reutilizan requerimientos, modelo de datos, diseño de pantallas y reglas ya documentadas (P2-P4)
A7: Horas por mes | B7: 160 | C7: h | D7: P5
A8: Salario líder técnico (desarrollador de software, SLP) | B8: 21236 | C8: MXN/mes | D8: Indeed México, 'Desarrollador/a de software' en San Luis, S.L.P.
A9: Salario desarrollador junior (SLP) | B9: 13417 | C9: MXN/mes | D9: Glassdoor México, mediana 'Programador Júnior' en SLP (P5)
A10: Número de desarrolladores junior | B10: 2 | C10: personas | D10: Plan de personal: 1 líder + 2 junior ≈ 2.8 personas de COCOMO (P5)
A11: Duración del proyecto | B11: 6.45 | C11: meses | D11: Cronograma: 28 semanas (ruta crítica)
A12: Costos indirectos | B12: 0.25 | C12: % | D12: Cuadernillo P5
A13: Reserva de contingencia | B13: 0.15 | C13: % | D13: Riesgos del top 10 (P7) y variación ±30% de la estimación
A14: Estimación de consenso P5 (construir de cero) | B14: 394000 | C14: MXN | D14: Práctica 5 / delphi.md — REEMPLAZAR por la cifra acordada en el Delphi

Sheet PF_Ajustados
A1: Ajuste de puntos de función al nuevo alcance
A3: Concepto | B3: Tipo | C3: Cantidad | D3: Peso | E3: PF | F3: Justificación
A4: Sistema actual (P5) | B4: — | C4: 1 | D4: =Supuestos!B4 -> 459 | E4: =C4*D4 -> 459 | F4: base
A5: Quitar: exámenes / plan de estudios (ILF notas, examenes, inscribir_examenes) | B5: ILF | C5: -3 | D5: 10 | E5: =C5*D5 -> -30 | F5: Fuera de alcance (heredado, P3 HU-20)
A6: Quitar: PDF inscritos a examen | B6: EO | C6: -1 | D6: 5 | E6: =C6*D6 -> -5
A7: Quitar: consulta plan de estudios | B7: EQ | C7: -1 | D7: 4 | E7: =C7*D7 -> -4
A8: Nuevo: registrar anteproyecto, dictaminar, asignar asesores, cambiar contraseña, aceptar aviso de privacidad, solicitud ARCO | B8: EI | C8: 6 | D8: 4 | E8: =C8*D8 -> 24 | F8: Requerimientos del Tec y LGPDPPSO (P3, P7)
A9: Nuevo: notificación por cambio de estado, acta de calificación final PDF | B9: EO | C9: 2 | D9: 5 | E9: =C9*D9 -> 10
A10: Nuevo: consulta de anteproyectos, bitácora de auditoría | B10: EQ | C10: 2 | D10: 4 | E10: =C10*D10 -> 8
A11: Nuevo: tablas anteproyectos, asignaciones, bitácora, solicitudes ARCO | B11: ILF | C11: 4 | D11: 10 | E11: =C11*D11 -> 40
A12: PF del nuevo alcance | E12: =SUM(E4:E11) -> 502
A13: Horas sin reutilización | E13: =E12*Supuestos!B5 -> 4166.6
A14: Horas con reutilización | E14: =E13*(1-Supuestos!B6) -> 3333.28
A15: Esfuerzo (personas-mes) | E15: =E14/Supuestos!B7 -> 20.833
A16: Personas-mes del plan de personal (comparación) | E16: =(1+Supuestos!B10)*Supuestos!B11 -> 19.35

Sheet Presupuesto
A1: Presupuesto de la reingeniería (MXN)
A3: Concepto | B3: Cantidad | C3: Unidad | D3: Costo unitario | E3: Subtotal | F3: Nota
A4: Líder técnico / Director | B4: =Supuestos!B11 -> 6.45 | C4: meses | D4: =Supuestos!B8 -> 21236 | E4: =B4*D4 -> 136972.2 | F4: Todo el proyecto
A5: Desarrolladores junior | B5: =Supuestos!B10*Supuestos!B11 -> 12.9 | C5: meses-persona | D5: =Supuestos!B9 -> 13417 | E5: =B5*D5 -> 173079.3
A6: Servidor de pruebas y producción (VPS, 12 meses) + SSL + respaldos | B6: 12 | C6: meses | D6: 1000 | E6: =B6*D6 -> 12000 | F6: Supuesto del equipo
A7: Asesoría jurídica: aviso de privacidad y procedimiento ARCO | B7: 1 | C7: servicio | D7: 10000 | E7: =B7*D7 -> 10000 | F7: Supuesto del equipo
A8: Capacitación a usuarios (material y sesiones) | B8: 1 | C8: servicio | D8: 6000 | E8: =B8*D8 -> 6000
A9: Licencias de software | B9: 0 | C9: — | D9: 0 | E9: =B9*D9 -> 0 | F9: Todo open source: Laravel, MySQL, PhpSpreadsheet, TCPDF
A11: Costo de personal | B11: =E4+E5 -> 310051.5
A12: Costos indirectos (25% sobre personal) | B12: =B11*Supuestos!B12 -> 77512.875
A13: Otros costos directos | B13: =SUM(E6:E9) -> 28000
A14: Subtotal | B14: =B11+B12+B13 -> 415564.38
A15: Reserva de contingencia (15%) | B15: =B14*Supuestos!B13 -> 62334.656
A16: PRESUPUESTO TOTAL | B16: =B14+B15 -> 477899.03
A18: Comparación con construir de cero (P5) | B18: =Supuestos!B14 -> 394000
A19: Diferencia | B19: =B16-B18 -> 83899.031
A20: Diferencia % | B20: =B19/B18 -> 0.2129417
A21: Costo por punto de función | B21: =B16/PF_Ajustados!E12 -> 951.9901

Sheet PorFase
A1: Distribución del costo de personal por milestone (proporcional a semanas-tarea)
A3: Milestone | B3: Semanas-tarea | C3: % del trabajo | D3: Costo de personal asignado
A4: M1 · Inicio y requerimientos | B4: 6 | C4: =B4/SUM($B$4:$B$9) -> 0.14285714 | D4: =C4*Presupuesto!$B$11 -> 44293.071
A5: M2 · Seguridad y base de datos | B5: 6 | C5: =B5/SUM($B$4:$B$9) -> 0.14285714 | D5: =C5*Presupuesto!$B$11 -> 44293.071
A6: M3 · Desarrollo del núcleo | B6: 12 | C6: =B6/SUM($B$4:$B$9) -> 0.28571429 | D6: =C6*Presupuesto!$B$11 -> 88586.143
A7: M4 · Módulos nuevos e integración | B7: 8 | C7: =B7/SUM($B$4:$B$9) -> 0.19047619 | D7: =C7*Presupuesto!$B$11 -> 59057.429
A8: M5 · Pruebas y calidad | B8: 5 | C8: =B8/SUM($B$4:$B$9) -> 0.11904762 | D8: =C8*Presupuesto!$B$11 -> 36910.893
A9: M6 · Implantación y cierre | B9: 5 | C9: =B9/SUM($B$4:$B$9) -> 0.11904762 | D9: =C9*Presupuesto!$B$11 -> 36910.893
